{
  "score_hill_unpainted": 104.25099539861402,
  "score_hill_theirs": 30.589451669516908,
  "score_hill_not_ours": 49.40486613063326,
  "score_hill_ours": 16.15962049797294,
  "score_unpainted": 25.533711723000057,
  "score_theirs": 5.595799602171551,
  "score_ours": 3.9226276473988,
  "score_powerup_bonus": 43.77199925347129,
  "score_last_loc_penalty": -52.676675006238554,
  "paint_pri_hill_unpainted": 15.262198257896799,
  "paint_pri_hill_painted": 4.402518718168085,
  "paint_pri_unpainted": 9.744758561308416,
  "backtrack_penalty": 36.30087783688489,
  "powerup_threshold": 69.54658562455862,
  "dominance_ratio": 0.8109692493598781,
  "bid_amount": 10.17146831468611,
  "roam_distance_penalty": 0.9731330920265947
}