{
  "score_hill_unpainted": 106.856182284648,
  "score_hill_theirs": 30.589451669516908,
  "score_hill_not_ours": 49.40486613063326,
  "score_hill_ours": 15.632442312423674,
  "score_unpainted": 25.533711723000057,
  "score_theirs": 5.850744976394219,
  "score_ours": 4.06242505920237,
  "score_powerup_bonus": 43.77199925347129,
  "score_last_loc_penalty": -53.31929770739471,
  "paint_pri_hill_unpainted": 16.37717479729346,
  "paint_pri_hill_painted": 4.450759871000479,
  "paint_pri_unpainted": 10.377515900321194,
  "backtrack_penalty": 36.30087783688489,
  "powerup_threshold": 69.54658562455862,
  "dominance_ratio": 0.7966334883363851,
  "bid_amount": 11.463269113976816,
  "roam_distance_penalty": 0.9731330920265947
}