{
  "score_hill_unpainted": 118.52545001648602,
  "score_hill_theirs": 36.9862236701831,
  "score_hill_not_ours": 52.63267783945938,
  "score_hill_ours": 21.386447861851238,
  "score_unpainted": 23.777260438145817,
  "score_theirs": 6.706451882266109,
  "score_ours": 3.9446096355892237,
  "score_powerup_bonus": 45.06671783451251,
  "score_last_loc_penalty": -50.300509068452484,
  "paint_pri_hill_unpainted": 15.372357451527568,
  "paint_pri_hill_painted": 4.266479750783393,
  "paint_pri_unpainted": 9.403568001925724,
  "backtrack_penalty": 44.13487760278273,
  "powerup_threshold": 74.38317808060991,
  "dominance_ratio": 0.8645795787367191,
  "bid_amount": 13.859636436799333,
  "roam_distance_penalty": 0.9974919704922774
}