{
  "score_hill_unpainted": 90.41299049643628,
  "score_hill_theirs": 25.290433963839934,
  "score_hill_not_ours": 43.9764139048465,
  "score_hill_ours": 16.081509610278804,
  "score_unpainted": 25.304111541385844,
  "score_theirs": 6.737700442244313,
  "score_ours": 3.2583527378608266,
  "score_powerup_bonus": 36.762591295164114,
  "score_last_loc_penalty": -53.96012793192176,
  "paint_pri_hill_unpainted": 15.223165724041532,
  "paint_pri_hill_painted": 5.492210350126652,
  "paint_pri_unpainted": 7.144729689203076,
  "backtrack_penalty": 31.150966202999165,
  "powerup_threshold": 79.61311396159796,
  "dominance_ratio": 0.7999191343892889,
  "bid_amount": 10.246067650537704,
  "roam_distance_penalty": 0.8300647475795615
}